-- phpMyAdmin SQL Dump
-- version 4.0.4
-- http://www.phpmyadmin.net
--
-- Host: 127.0.0.1
-- Generation Time: Jan 06, 2017 at 12:54 PM
-- Server version: 5.5.32
-- PHP Version: 5.4.16

SET SQL_MODE = "NO_AUTO_VALUE_ON_ZERO";
SET time_zone = "+00:00";


/*!40101 SET @OLD_CHARACTER_SET_CLIENT=@@CHARACTER_SET_CLIENT */;
/*!40101 SET @OLD_CHARACTER_SET_RESULTS=@@CHARACTER_SET_RESULTS */;
/*!40101 SET @OLD_COLLATION_CONNECTION=@@COLLATION_CONNECTION */;
/*!40101 SET NAMES utf8 */;

--
-- Database: `themap`
--
CREATE DATABASE IF NOT EXISTS `themap` DEFAULT CHARACTER SET latin1 COLLATE latin1_swedish_ci;
USE `themap`;

-- --------------------------------------------------------

--
-- Table structure for table `buildings`
--

CREATE TABLE IF NOT EXISTS `buildings` (
  `Building_ID` varchar(20) CHARACTER SET latin1 NOT NULL,
  `Building_Name` varchar(20) NOT NULL,
  `Level` int(5) NOT NULL,
  `Length` float DEFAULT NULL,
  `Width` float DEFAULT NULL,
  `Area` float DEFAULT NULL,
  PRIMARY KEY (`Building_ID`),
  UNIQUE KEY `Building_ID` (`Building_ID`),
  KEY `Building_ID_2` (`Building_ID`)
) ENGINE=InnoDB DEFAULT CHARSET=utf8;

--
-- Dumping data for table `buildings`
--

INSERT INTO `buildings` (`Building_ID`, `Building_Name`, `Level`, `Length`, `Width`, `Area`) VALUES
('IF1', 'Panambulai', 3, 0, 0, 0),
('IF2', 'Kultubai Utara', 3, 88.8, 0, 0),
('IF3', 'Kultubai Selatan', 3, 88.8, 0, 0);

-- --------------------------------------------------------

--
-- Table structure for table `corridors`
--

CREATE TABLE IF NOT EXISTS `corridors` (
  `Corridor_ID` varchar(20) NOT NULL,
  `Building_ID` varchar(20) DEFAULT NULL,
  `X` float DEFAULT NULL,
  `Y` float DEFAULT NULL,
  `Z` float DEFAULT NULL,
  `Roofed` varchar(5) NOT NULL,
  `lat_degree` float NOT NULL,
  `lat_minute` float NOT NULL,
  `lat_second` float NOT NULL,
  `lat_dir` varchar(5) NOT NULL,
  `long_degree` float NOT NULL,
  `long_minute` float NOT NULL,
  `long_second` float NOT NULL,
  `long_dir` varchar(5) NOT NULL,
  PRIMARY KEY (`Corridor_ID`),
  UNIQUE KEY `Corridor_ID` (`Corridor_ID`),
  KEY `Building_ID` (`Building_ID`)
) ENGINE=InnoDB DEFAULT CHARSET=latin1;

--
-- Dumping data for table `corridors`
--

INSERT INTO `corridors` (`Corridor_ID`, `Building_ID`, `X`, `Y`, `Z`, `Roofed`, `lat_degree`, `lat_minute`, `lat_second`, `lat_dir`, `long_degree`, `long_minute`, `long_second`, `long_dir`) VALUES
('C1', NULL, NULL, NULL, 1, 'n', 6, 58, 32.99, 'S', 107, 37, 49.82, 'E'),
('C10', NULL, NULL, NULL, 1, 'n', 6, 58, 34.1, 'S', 107, 37, 53.49, 'E'),
('C11', NULL, NULL, NULL, 1, 'n', 6, 58, 35.14, 'S', 107, 37, 53.49, 'E'),
('C12', NULL, NULL, NULL, 1, 'n', 6, 58, 36.44, 'S', 107, 37, 53.49, 'E'),
('C2', NULL, NULL, NULL, 1, 'y', 6, 58, 34.1, 'S', 107, 37, 49.82, 'E'),
('C3', NULL, NULL, NULL, 1, 'y', 6, 58, 34.1, 'S', 107, 37, 50.16, 'E'),
('C4', NULL, NULL, NULL, 1, 'y', 6, 58, 34.92, 'S', 107, 37, 50.17, 'E'),
('C5', NULL, NULL, NULL, 1, 'y', 6, 58, 36.75, 'S', 107, 37, 50.17, 'E'),
('C6', NULL, NULL, NULL, 1, 'y', 6, 58, 32.58, 'S', 107, 37, 51.06, 'E'),
('C7', NULL, NULL, NULL, 1, 'y', 6, 58, 34.1, 'S', 107, 37, 51.06, 'E'),
('C8', NULL, NULL, NULL, 1, 'n', 6, 58, 35.16, 'S', 107, 37, 51.5, 'E'),
('C9', NULL, NULL, NULL, 1, 'n', 6, 58, 36.45, 'S', 107, 37, 51.5, 'E'),
('CD1_1', 'IF1', NULL, NULL, 1, 'y', 6, 58, 32.42, 'S', 107, 37, 50.32, 'E'),
('CD1_2', 'IF1', NULL, NULL, 1, 'y', 6, 58, 32.58, 'S', 107, 37, 50.32, 'E'),
('CD1_3', 'IF1', NULL, NULL, 1, 'y', 6, 58, 32.78, 'S', 107, 37, 50.32, 'E'),
('CD1_4', 'IF1', NULL, NULL, 1, 'y', 6, 58, 32.92, 'S', 107, 37, 50.32, 'E'),
('CD1_5', 'IF1', NULL, NULL, 1, 'y', 6, 58, 32.99, 'S', 107, 37, 50.32, 'E'),
('CD1_6', 'IF1', NULL, NULL, 1, 'y', 6, 58, 33.06, 'S', 107, 37, 50.32, 'E'),
('CD1_7', 'IF1', NULL, NULL, 1, 'y', 6, 58, 33.19, 'S', 107, 37, 50.32, 'E'),
('CD1_8', 'IF1', NULL, NULL, 1, 'y', 6, 58, 33.41, 'S', 107, 37, 50.32, 'E'),
('CD1_9', 'IF1', NULL, NULL, 1, 'y', 6, 58, 33.58, 'S', 107, 37, 50.32, 'E'),
('CD2_1', 'IF1', NULL, NULL, 2, 'y', 6, 58, 32.42, 'S', 107, 37, 50.32, 'E'),
('CD2_2', 'IF1', NULL, NULL, 2, 'y', 6, 58, 32.58, 'S', 107, 37, 50.32, 'E'),
('CD2_3', 'IF1', NULL, NULL, 2, 'y', 6, 58, 32.78, 'S', 107, 37, 50.32, 'E'),
('CD2_4', 'IF1', NULL, NULL, 2, 'y', 6, 58, 32.92, 'S', 107, 37, 50.32, 'E'),
('CD2_5', 'IF1', NULL, NULL, 2, 'y', 6, 58, 33.06, 'S', 107, 37, 50.32, 'E'),
('CD2_6', 'IF1', NULL, NULL, 2, 'y', 6, 58, 33.19, 'S', 107, 37, 50.32, 'E'),
('CD2_7', 'IF1', NULL, NULL, 2, 'y', 6, 58, 33.41, 'S', 107, 37, 50.32, 'E'),
('CD2_8', 'IF1', NULL, NULL, 2, 'y', 6, 58, 33.58, 'S', 107, 37, 50.32, 'E'),
('CD3_1', 'IF1', NULL, NULL, 3, 'y', 6, 58, 32.42, 'S', 107, 37, 50.32, 'E'),
('CD3_2', 'IF1', NULL, NULL, 3, 'y', 6, 58, 32.58, 'S', 107, 37, 50.32, 'E'),
('CD3_3', 'IF1', NULL, NULL, 3, 'y', 6, 58, 32.78, 'S', 107, 37, 50.32, 'E'),
('CD3_4', 'IF1', NULL, NULL, 3, 'y', 6, 58, 32.92, 'S', 107, 37, 50.32, 'E'),
('CD3_5', 'IF1', NULL, NULL, 3, 'y', 6, 58, 33.06, 'S', 107, 37, 50.32, 'E'),
('CD3_6', 'IF1', NULL, NULL, 3, 'y', 6, 58, 33.19, 'S', 107, 37, 50.32, 'E'),
('CD3_7', 'IF1', NULL, NULL, 3, 'y', 6, 58, 33.41, 'S', 107, 37, 50.32, 'E'),
('CD3_8', 'IF1', NULL, NULL, 3, 'y', 6, 58, 33.58, 'S', 107, 37, 50.32, 'E'),
('CE1_1', 'IF2', NULL, NULL, 1, 'y', 6, 58, 34.92, 'S', 107, 37, 50.41, 'E'),
('CE1_10', 'IF2', NULL, NULL, 1, 'y', 6, 58, 35.04, 'S', 107, 37, 51.54, 'E'),
('CE1_11', 'IF2', NULL, NULL, 1, 'y', 6, 58, 35.04, 'S', 107, 37, 51.64, 'E'),
('CE1_12', 'IF2', NULL, NULL, 1, 'y', 6, 58, 35.16, 'S', 107, 37, 51.64, 'E'),
('CE1_13', 'IF2', NULL, NULL, 1, 'y', 6, 58, 35.04, 'S', 107, 37, 51.71, 'E'),
('CE1_14', 'IF2', NULL, NULL, 1, 'y', 6, 58, 35.04, 'S', 107, 37, 51.82, 'E'),
('CE1_15', 'IF2', NULL, NULL, 1, 'y', 6, 58, 35.04, 'S', 107, 37, 51.96, 'E'),
('CE1_16', 'IF2', NULL, NULL, 1, 'y', 6, 58, 35.04, 'S', 107, 37, 52.1, 'E'),
('CE1_17', 'IF2', NULL, NULL, 1, 'y', 6, 58, 35.04, 'S', 107, 37, 52.28, 'E'),
('CE1_18', 'IF2', NULL, NULL, 1, 'y', 6, 58, 35.04, 'S', 107, 37, 52.32, 'E'),
('CE1_19', 'IF2', NULL, NULL, 1, 'y', 6, 58, 35.04, 'S', 107, 37, 52.48, 'E'),
('CE1_2', 'IF2', NULL, NULL, 1, 'y', 6, 58, 35.04, 'S', 107, 37, 50.41, 'E'),
('CE1_20', 'IF2', NULL, NULL, 1, 'y', 6, 58, 35.04, 'S', 107, 37, 52.62, 'E'),
('CE1_21', 'IF2', NULL, NULL, 1, 'y', 6, 58, 35.04, 'S', 107, 37, 52.76, 'E'),
('CE1_22', 'IF2', NULL, NULL, 1, 'y', 6, 58, 35.04, 'S', 107, 37, 52.94, 'E'),
('CE1_23', 'IF2', NULL, NULL, 1, 'y', 6, 58, 35.14, 'S', 107, 37, 52.94, 'E'),
('CE1_3', 'IF2', NULL, NULL, 1, 'y', 6, 58, 35.04, 'S', 107, 37, 50.6, 'E'),
('CE1_4', 'IF2', NULL, NULL, 1, 'y', 6, 58, 35.04, 'S', 107, 37, 50.75, 'E'),
('CE1_5', 'IF2', NULL, NULL, 1, 'y', 6, 58, 35.04, 'S', 107, 37, 50.88, 'E'),
('CE1_6', 'IF2', NULL, NULL, 1, 'y', 6, 58, 35.04, 'S', 107, 37, 51.04, 'E'),
('CE1_7', 'IF2', NULL, NULL, 1, 'y', 6, 58, 35.04, 'S', 107, 37, 51.11, 'E'),
('CE1_8', 'IF2', NULL, NULL, 1, 'y', 6, 58, 35.04, 'S', 107, 37, 51.26, 'E'),
('CE1_9', 'IF2', NULL, NULL, 1, 'y', 6, 58, 35.04, 'S', 107, 37, 51.39, 'E'),
('CE2_1', 'IF2', NULL, NULL, 2, 'y', 6, 58, 35.04, 'S', 107, 37, 50.41, 'E'),
('CE2_10', 'IF2', NULL, NULL, 2, 'y', 6, 58, 35.04, 'S', 107, 37, 51.64, 'E'),
('CE2_11', 'IF2', NULL, NULL, 2, 'y', 6, 58, 35.04, 'S', 107, 37, 51.71, 'E'),
('CE2_12', 'IF2', NULL, NULL, 2, 'y', 6, 58, 35.04, 'S', 107, 37, 51.82, 'E'),
('CE2_13', 'IF2', NULL, NULL, 2, 'y', 6, 58, 35.04, 'S', 107, 37, 51.96, 'E'),
('CE2_14', 'IF2', NULL, NULL, 2, 'y', 6, 58, 35.04, 'S', 107, 37, 52.1, 'E'),
('CE2_15', 'IF2', NULL, NULL, 2, 'y', 6, 58, 35.04, 'S', 107, 37, 52.28, 'E'),
('CE2_16', 'IF2', NULL, NULL, 2, 'y', 6, 58, 35.04, 'S', 107, 37, 52.32, 'E'),
('CE2_17', 'IF2', NULL, NULL, 2, 'y', 6, 58, 35.04, 'S', 107, 37, 52.48, 'E'),
('CE2_18', 'IF2', NULL, NULL, 2, 'y', 6, 58, 35.04, 'S', 107, 37, 52.62, 'E'),
('CE2_19', 'IF2', NULL, NULL, 2, 'y', 6, 58, 35.04, 'S', 107, 37, 52.76, 'E'),
('CE2_2', 'IF2', NULL, NULL, 2, 'y', 6, 58, 35.04, 'S', 107, 37, 50.6, 'E'),
('CE2_20', 'IF2', NULL, NULL, 2, 'y', 6, 58, 35.04, 'S', 107, 37, 52.94, 'E'),
('CE2_3', 'IF2', NULL, NULL, 2, 'y', 6, 58, 35.04, 'S', 107, 37, 50.75, 'E'),
('CE2_4', 'IF2', NULL, NULL, 2, 'y', 6, 58, 35.04, 'S', 107, 37, 50.88, 'E'),
('CE2_5', 'IF2', NULL, NULL, 2, 'y', 6, 58, 35.04, 'S', 107, 37, 51.04, 'E'),
('CE2_6', 'IF2', NULL, NULL, 2, 'y', 6, 58, 35.04, 'S', 107, 37, 51.11, 'E'),
('CE2_7', 'IF2', NULL, NULL, 2, 'y', 6, 58, 35.04, 'S', 107, 37, 51.26, 'E'),
('CE2_8', 'IF2', NULL, NULL, 2, 'y', 6, 58, 35.04, 'S', 107, 37, 51.39, 'E'),
('CE2_9', 'IF2', NULL, NULL, 2, 'y', 6, 58, 35.04, 'S', 107, 37, 51.54, 'E'),
('CE3_1', 'IF2', NULL, NULL, 3, 'y', 6, 58, 35.04, 'S', 107, 37, 50.41, 'E'),
('CE3_10', 'IF2', NULL, NULL, 3, 'y', 6, 58, 35.04, 'S', 107, 37, 51.64, 'E'),
('CE3_11', 'IF2', NULL, NULL, 3, 'y', 6, 58, 35.04, 'S', 107, 37, 51.71, 'E'),
('CE3_12', 'IF2', NULL, NULL, 3, 'y', 6, 58, 35.04, 'S', 107, 37, 51.82, 'E'),
('CE3_13', 'IF2', NULL, NULL, 3, 'y', 6, 58, 35.04, 'S', 107, 37, 51.96, 'E'),
('CE3_14', 'IF2', NULL, NULL, 3, 'y', 6, 58, 35.04, 'S', 107, 37, 52.1, 'E'),
('CE3_15', 'IF2', NULL, NULL, 3, 'y', 6, 58, 35.04, 'S', 107, 37, 52.28, 'E'),
('CE3_16', 'IF2', NULL, NULL, 3, 'y', 6, 58, 35.04, 'S', 107, 37, 52.32, 'E'),
('CE3_17', 'IF2', NULL, NULL, 3, 'y', 6, 58, 35.04, 'S', 107, 37, 52.48, 'E'),
('CE3_18', 'IF2', NULL, NULL, 3, 'y', 6, 58, 35.04, 'S', 107, 37, 52.62, 'E'),
('CE3_19', 'IF2', NULL, NULL, 3, 'y', 6, 58, 35.04, 'S', 107, 37, 52.76, 'E'),
('CE3_2', 'IF2', NULL, NULL, 3, 'y', 6, 58, 35.04, 'S', 107, 37, 50.6, 'E'),
('CE3_20', 'IF2', NULL, NULL, 3, 'y', 6, 58, 35.04, 'S', 107, 37, 52.94, 'E'),
('CE3_3', 'IF2', NULL, NULL, 3, 'y', 6, 58, 35.04, 'S', 107, 37, 50.75, 'E'),
('CE3_4', 'IF2', NULL, NULL, 3, 'y', 6, 58, 35.04, 'S', 107, 37, 50.88, 'E'),
('CE3_5', 'IF2', NULL, NULL, 3, 'y', 6, 58, 35.04, 'S', 107, 37, 51.04, 'E'),
('CE3_6', 'IF2', NULL, NULL, 3, 'y', 6, 58, 35.04, 'S', 107, 37, 51.11, 'E'),
('CE3_7', 'IF2', NULL, NULL, 3, 'y', 6, 58, 35.04, 'S', 107, 37, 51.26, 'E'),
('CE3_8', 'IF2', NULL, NULL, 3, 'y', 6, 58, 35.04, 'S', 107, 37, 51.39, 'E'),
('CE3_9', 'IF2', NULL, NULL, 3, 'y', 6, 58, 35.04, 'S', 107, 37, 51.54, 'E'),
('CF1_1', 'IF3', NULL, NULL, 1, 'y', 6, 58, 36.75, 'S', 107, 37, 50.5, 'E'),
('CF1_10', 'IF3', NULL, NULL, 1, 'y', 6, 58, 36.61, 'S', 107, 37, 51.57, 'E'),
('CF1_11', 'IF3', NULL, NULL, 1, 'y', 6, 58, 36.61, 'S', 107, 37, 51.73, 'E'),
('CF1_12', 'IF3', NULL, NULL, 1, 'y', 6, 58, 36.45, 'S', 107, 37, 51.73, 'E'),
('CF1_13', 'IF3', NULL, NULL, 1, 'y', 6, 58, 36.61, 'S', 107, 37, 51.84, 'E'),
('CF1_14', 'IF3', NULL, NULL, 1, 'y', 6, 58, 36.61, 'S', 107, 37, 51.99, 'E'),
('CF1_15', 'IF3', NULL, NULL, 1, 'y', 6, 58, 36.61, 'S', 107, 37, 52.13, 'E'),
('CF1_16', 'IF3', NULL, NULL, 1, 'y', 6, 58, 36.61, 'S', 107, 37, 52.29, 'E'),
('CF1_17', 'IF3', NULL, NULL, 1, 'y', 6, 58, 36.61, 'S', 107, 37, 52.35, 'E'),
('CF1_18', 'IF3', NULL, NULL, 1, 'y', 6, 58, 36.61, 'S', 107, 37, 52.49, 'E'),
('CF1_19', 'IF3', NULL, NULL, 1, 'y', 6, 58, 36.61, 'S', 107, 37, 52.63, 'E'),
('CF1_2', 'IF3', NULL, NULL, 1, 'y', 6, 58, 36.61, 'S', 107, 37, 50.49, 'E'),
('CF1_20', 'IF3', NULL, NULL, 1, 'y', 6, 58, 36.61, 'S', 107, 37, 52.77, 'E'),
('CF1_21', 'IF3', NULL, NULL, 1, 'y', 6, 58, 36.61, 'S', 107, 37, 52.93, 'E'),
('CF1_22', 'IF3', NULL, NULL, 1, 'y', 6, 58, 36.44, 'S', 107, 37, 52.93, 'E'),
('CF1_3', 'IF3', NULL, NULL, 1, 'y', 6, 58, 36.61, 'S', 107, 37, 50.65, 'E'),
('CF1_4', 'IF3', NULL, NULL, 1, 'y', 6, 58, 36.61, 'S', 107, 37, 50.79, 'E'),
('CF1_5', 'IF3', NULL, NULL, 1, 'y', 6, 58, 36.61, 'S', 107, 37, 50.92, 'E'),
('CF1_6', 'IF3', NULL, NULL, 1, 'y', 6, 58, 36.61, 'S', 107, 37, 51.07, 'E'),
('CF1_7', 'IF3', NULL, NULL, 1, 'y', 6, 58, 36.61, 'S', 107, 37, 51.13, 'E'),
('CF1_8', 'IF3', NULL, NULL, 1, 'y', 6, 58, 36.61, 'S', 107, 37, 51.28, 'E'),
('CF1_9', 'IF3', NULL, NULL, 1, 'y', 6, 58, 36.61, 'S', 107, 37, 51.42, 'E'),
('CF2_1', 'IF3', NULL, NULL, 2, 'y', 6, 58, 36.61, 'S', 107, 37, 50.49, 'E'),
('CF2_10', 'IF3', NULL, NULL, 2, 'y', 6, 58, 36.61, 'S', 107, 37, 51.73, 'E'),
('CF2_11', 'IF3', NULL, NULL, 2, 'y', 6, 58, 36.61, 'S', 107, 37, 51.84, 'E'),
('CF2_12', 'IF3', NULL, NULL, 2, 'y', 6, 58, 36.61, 'S', 107, 37, 51.99, 'E'),
('CF2_13', 'IF3', NULL, NULL, 2, 'y', 6, 58, 36.61, 'S', 107, 37, 52.13, 'E'),
('CF2_14', 'IF3', NULL, NULL, 2, 'y', 6, 58, 36.61, 'S', 107, 37, 52.29, 'E'),
('CF2_15', 'IF3', NULL, NULL, 2, 'y', 6, 58, 36.61, 'S', 107, 37, 52.35, 'E'),
('CF2_16', 'IF3', NULL, NULL, 2, 'y', 6, 58, 36.61, 'S', 107, 37, 52.49, 'E'),
('CF2_17', 'IF3', NULL, NULL, 2, 'y', 6, 58, 36.61, 'S', 107, 37, 52.63, 'E'),
('CF2_18', 'IF3', NULL, NULL, 2, 'y', 6, 58, 36.61, 'S', 107, 37, 52.77, 'E'),
('CF2_19', 'IF3', NULL, NULL, 2, 'y', 6, 58, 36.61, 'S', 107, 37, 52.93, 'E'),
('CF2_2', 'IF3', NULL, NULL, 2, 'y', 6, 58, 36.61, 'S', 107, 37, 50.65, 'E'),
('CF2_3', 'IF3', NULL, NULL, 2, 'y', 6, 58, 36.61, 'S', 107, 37, 50.79, 'E'),
('CF2_4', 'IF3', NULL, NULL, 2, 'y', 6, 58, 36.61, 'S', 107, 37, 50.92, 'E'),
('CF2_5', 'IF3', NULL, NULL, 2, 'y', 6, 58, 36.61, 'S', 107, 37, 51.07, 'E'),
('CF2_6', 'IF3', NULL, NULL, 2, 'y', 6, 58, 36.61, 'S', 107, 37, 51.13, 'E'),
('CF2_7', 'IF3', NULL, NULL, 2, 'y', 6, 58, 36.61, 'S', 107, 37, 51.28, 'E'),
('CF2_8', 'IF3', NULL, NULL, 2, 'y', 6, 58, 36.61, 'S', 107, 37, 51.42, 'E'),
('CF2_9', 'IF3', NULL, NULL, 2, 'y', 6, 58, 36.61, 'S', 107, 37, 51.57, 'E'),
('CF3_1', 'IF3', NULL, NULL, 3, 'y', 6, 58, 36.61, 'S', 107, 37, 50.49, 'E'),
('CF3_10', 'IF3', NULL, NULL, 3, 'y', 6, 58, 36.61, 'S', 107, 37, 51.73, 'E'),
('CF3_11', 'IF3', NULL, NULL, 3, 'y', 6, 58, 36.61, 'S', 107, 37, 51.84, 'E'),
('CF3_12', 'IF3', NULL, NULL, 3, 'y', 6, 58, 36.61, 'S', 107, 37, 51.99, 'E'),
('CF3_13', 'IF3', NULL, NULL, 3, 'y', 6, 58, 36.61, 'S', 107, 37, 52.13, 'E'),
('CF3_14', 'IF3', NULL, NULL, 3, 'y', 6, 58, 36.61, 'S', 107, 37, 52.29, 'E'),
('CF3_15', 'IF3', NULL, NULL, 3, 'y', 6, 58, 36.61, 'S', 107, 37, 52.35, 'E'),
('CF3_16', 'IF3', NULL, NULL, 3, 'y', 6, 58, 36.61, 'S', 107, 37, 52.49, 'E'),
('CF3_17', 'IF3', NULL, NULL, 3, 'y', 6, 58, 36.61, 'S', 107, 37, 52.63, 'E'),
('CF3_18', 'IF3', NULL, NULL, 3, 'y', 6, 58, 36.61, 'S', 107, 37, 52.77, 'E'),
('CF3_19', 'IF3', NULL, NULL, 3, 'y', 6, 58, 36.61, 'S', 107, 37, 52.93, 'E'),
('CF3_2', 'IF3', NULL, NULL, 3, 'y', 6, 58, 36.61, 'S', 107, 37, 50.65, 'E'),
('CF3_3', 'IF3', NULL, NULL, 3, 'y', 6, 58, 36.61, 'S', 107, 37, 50.79, 'E'),
('CF3_4', 'IF3', NULL, NULL, 3, 'y', 6, 58, 36.61, 'S', 107, 37, 50.92, 'E'),
('CF3_5', 'IF3', NULL, NULL, 3, 'y', 6, 58, 36.61, 'S', 107, 37, 51.07, 'E'),
('CF3_6', 'IF3', NULL, NULL, 3, 'y', 6, 58, 36.61, 'S', 107, 37, 51.13, 'E'),
('CF3_7', 'IF3', NULL, NULL, 3, 'y', 6, 58, 36.61, 'S', 107, 37, 51.28, 'E'),
('CF3_8', 'IF3', NULL, NULL, 3, 'y', 6, 58, 36.61, 'S', 107, 37, 51.42, 'E'),
('CF3_9', 'IF3', NULL, NULL, 3, 'y', 6, 58, 36.61, 'S', 107, 37, 51.57, 'E'),
('D Building East', 'IF1', NULL, NULL, 1, 'y', 6, 58, 32.58, 'S', 107, 37, 50.58, 'E'),
('D Building West', 'IF1', NULL, NULL, 1, 'y', 6, 58, 32.99, 'S', 107, 37, 50.1, 'E'),
('E Building East', 'IF2', NULL, NULL, 1, 'y', 6, 58, 35.14, 'S', 107, 37, 52.95, 'E'),
('E Building Mid', 'IF2', NULL, NULL, 1, 'y', 6, 58, 35.16, 'S', 107, 37, 51.61, 'E'),
('E Building West', 'IF2', NULL, NULL, 1, 'y', 6, 58, 34.92, 'S', 107, 37, 50.42, 'E'),
('F Building East', 'IF3', NULL, NULL, 1, 'y', 6, 58, 36.44, 'S', 107, 37, 52.97, 'E'),
('F Building Mid', 'IF3', NULL, NULL, 1, 'y', 6, 58, 36.45, 'S', 107, 37, 51.65, 'E'),
('F Building West', 'IF3', NULL, NULL, 1, 'y', 6, 58, 36.75, 'S', 107, 37, 50.46, 'E');

-- --------------------------------------------------------

--
-- Table structure for table `rooms`
--

CREATE TABLE IF NOT EXISTS `rooms` (
  `Room_ID` varchar(20) NOT NULL,
  `Building_ID` varchar(20) NOT NULL,
  `Level` int(5) NOT NULL,
  `Room_Number` varchar(5) NOT NULL,
  `Room_Name` varchar(50) NOT NULL,
  `Length` float DEFAULT NULL,
  `Width` float DEFAULT NULL,
  `Area` float DEFAULT NULL,
  `X` float DEFAULT NULL,
  `Y` float DEFAULT NULL,
  `Z` int(5) NOT NULL,
  `lat_degree` int(5) NOT NULL,
  `lat_minute` int(5) NOT NULL,
  `lat_second` float NOT NULL,
  `lat_dir` varchar(5) NOT NULL,
  `long_degree` int(5) NOT NULL,
  `long_minute` int(5) NOT NULL,
  `long_second` float NOT NULL,
  `long_dir` varchar(5) NOT NULL,
  PRIMARY KEY (`Room_ID`),
  KEY `Building_ID` (`Building_ID`)
) ENGINE=InnoDB DEFAULT CHARSET=latin1;

--
-- Dumping data for table `rooms`
--

INSERT INTO `rooms` (`Room_ID`, `Building_ID`, `Level`, `Room_Number`, `Room_Name`, `Length`, `Width`, `Area`, `X`, `Y`, `Z`, `lat_degree`, `lat_minute`, `lat_second`, `lat_dir`, `long_degree`, `long_minute`, `long_second`, `long_dir`) VALUES
('IF1.01.01', 'IF1', 1, '1', 'R.Layanan Akademik FIF', 7.2, 8.4, 60.48, 0.73, -4.46, 1, 6, 58, 32.58, 'S', 107, 37, 50.38, 'E'),
('IF1.01.02', 'IF1', 1, '2', 'R.Bagian Sumber Daya FIF', 7.2, 8.4, 60.48, 0.73, -4.58, 1, 6, 58, 32.78, 'S', 107, 37, 50.38, 'E'),
('IF1.01.03', 'IF1', 1, '3', 'R.Kaprodi', 7.2, 8.4, 60.48, 0.67, -4.46, 1, 6, 58, 32.58, 'S', 107, 37, 50.26, 'E'),
('IF1.01.04', 'IF1', 1, '4', 'R.Wadek Fif', 7.2, 8.4, 60.48, 0.67, -4.58, 1, 6, 58, 32.78, 'S', 107, 37, 50.27, 'E'),
('IF1.01.05', 'IF1', 1, '5', 'R.Server', 7.2, 8.4, 60.48, 0.73, -4.82, 1, 6, 58, 33.19, 'S', 107, 37, 50.39, 'E'),
('IF1.01.06', 'IF1', 1, '6', 'R.Dekan', 7.2, 8.4, 60.48, 0.73, -4.94, 1, 6, 58, 33.41, 'S', 107, 37, 50.39, 'E'),
('IF1.01.07', 'IF1', 1, '7', 'R.Sekpim', 7.2, 8.4, 60.48, 0.67, -4.94, 1, 6, 58, 33.41, 'S', 107, 37, 50.28, 'E'),
('IF1.01.08', 'IF1', 1, '8', 'R.Rapat', 7.2, 8.4, 60.48, 0.67, -4.82, 1, 6, 58, 33.2, 'S', 107, 37, 50.27, 'E'),
('IF1.01.09', 'IF1', 1, '9', 'Gudang Baa', 7.2, 8.4, 60.48, 0.75, -4.37, 1, 6, 58, 32.42, 'S', 107, 37, 50.42, 'E'),
('IF1.01.10', 'IF1', 1, '10', 'Gudang Pabx', 3.6, 4.8, 17.28, 0.65, -5.04, 1, 6, 58, 33.58, 'S', 107, 37, 50.24, 'E'),
('IF1.02.01', 'IF1', 2, '1', 'R.Sisfo Helpdek', 7.2, 8.4, 60.48, 0.73, -4.46, 2, 6, 58, 32.58, 'S', 107, 37, 50.38, 'E'),
('IF1.02.02', 'IF1', 2, '2', 'R.Sisfo Komlac', 7.2, 8.4, 60.48, 0.73, -4.58, 2, 6, 58, 32.78, 'S', 107, 37, 50.38, 'E'),
('IF1.02.03', 'IF1', 2, '3', 'R Dosen', 7.2, 8.4, 60.48, 0.67, -4.46, 2, 6, 58, 32.58, 'S', 107, 37, 50.26, 'E'),
('IF1.02.04', 'IF1', 2, '4', 'Lab Uc', 7.2, 8.4, 60.48, 0.67, -4.58, 2, 6, 58, 32.78, 'S', 107, 37, 50.27, 'E'),
('IF1.02.05', 'IF1', 2, '5', 'Lab Uc', 7.2, 8.4, 60.48, 0.67, -4.66, 2, 6, 58, 32.92, 'S', 107, 37, 50.27, 'E'),
('IF1.02.06', 'IF1', 2, '6', 'R.Sisfo Manager', 7.2, 8.4, 60.48, 0.73, -4.94, 2, 6, 58, 33.41, 'S', 107, 37, 50.39, 'E'),
('IF1.02.07', 'IF1', 2, '7', 'R.Sisfo Staf', 7.2, 8.4, 60.48, 0.73, -4.82, 2, 6, 58, 33.19, 'S', 107, 37, 50.39, 'E'),
('IF1.02.08', 'IF1', 2, '8', 'R.Sisfo Vicon', 7.2, 8.4, 60.48, 0.67, -4.82, 2, 6, 58, 33.2, 'S', 107, 37, 50.27, 'E'),
('IF1.02.09', 'IF1', 2, '9', 'R.Sisfo Server', 3.9, 7, 27.3, 0.67, -4.94, 2, 6, 58, 33.41, 'S', 107, 37, 50.28, 'E'),
('IF1.02.10', 'IF1', 2, '10', 'R.Sisfo Developer', 3.3, 7, 23.1, 0.65, -5.04, 2, 6, 58, 33.58, 'S', 107, 37, 50.24, 'E'),
('IF1.02.11', 'IF1', 2, '11', 'Dapur', 3.6, 4.8, 17.28, 0.75, -4.37, 2, 6, 58, 32.42, 'S', 107, 37, 50.42, 'E'),
('IF1.03.01', 'IF1', 3, '1', 'R.Rapat', 7.2, 8.4, 60.48, 0.67, -4.46, 3, 6, 58, 32.58, 'S', 107, 37, 50.26, 'E'),
('IF1.03.02', 'IF1', 3, '2', 'Spm', 7.2, 8.4, 60.48, 0.73, -4.46, 3, 6, 58, 32.58, 'S', 107, 37, 50.38, 'E'),
('IF1.03.03', 'IF1', 3, '3', 'Spm', 7.2, 8.4, 60.48, 0.73, -4.58, 3, 6, 58, 32.78, 'S', 107, 37, 50.38, 'E'),
('IF1.03.04', 'IF1', 3, '4', 'R Kelas', 7.2, 8.4, 60.48, NULL, NULL, 3, 6, 58, 32.78, 'S', 107, 37, 50.27, 'E'),
('IF1.03.05', 'IF1', 3, '5', 'R Kelas', 7.2, 8.4, 60.48, NULL, NULL, 3, 6, 58, 33.19, 'S', 107, 37, 50.39, 'E'),
('IF1.03.08', 'IF1', 3, '8', 'R Kelas', 7.2, 8.4, 60.48, NULL, NULL, 3, 6, 58, 33.41, 'S', 107, 37, 50.39, 'E'),
('IF1.03.10', 'IF1', 3, '10', 'R Rapat', 7.2, 8.4, 60.48, 0.67, -4.82, 3, 6, 58, 33.19, 'S', 107, 37, 50.39, 'E'),
('IF1.03.11', 'IF1', 3, '11', 'Musola', 7.2, 8.4, 60.48, 0.67, -4.74, 3, 6, 58, 33.08, 'S', 107, 37, 50.27, 'E'),
('IF1.03.12', 'IF1', 3, '12', 'Longue', 7.2, 8.4, 60.48, 0.67, -4.66, 3, 6, 58, 32.92, 'S', 107, 37, 50.27, 'E'),
('IF1.03.14', 'IF1', 3, '14', 'Gudang Logistik', 7.2, 8.4, 60.48, 0.75, -4.37, 3, 6, 58, 32.42, 'S', 107, 37, 50.42, 'E'),
('IF1.03.15', 'IF1', 3, '15', 'Gudang Logistik  Phki', 3.6, 4.8, 17.28, 0.77, -4.74, 3, 6, 58, 33.07, 'S', 107, 37, 50.47, 'E'),
('IF2.01.01', 'IF2', 1, '1', 'Lab.Computing', 4.8, 9.6, 46.08, 1.94, -5.74, 1, 6, 58, 35.1, 'S', 107, 37, 52.73, 'E'),
('IF2.01.02', 'IF2', 1, '2', 'R Dosen Kkicm', 4.8, 9.6, 46.08, NULL, -5.74, 1, 6, 58, 35.1, 'S', 107, 37, 52.6, 'E'),
('IF2.01.03', 'IF2', 1, '3', 'R Rapat Kkicm', 4.8, 9.6, 46.08, NULL, -5.74, 1, 6, 58, 35.1, 'S', 107, 37, 52.46, 'E'),
('IF2.01.04', 'IF2', 1, '4', 'R Dosen Kkicm', 8.4, 9.6, 80.64, NULL, -5.74, 1, 6, 58, 35.1, 'S', 107, 37, 51.96, 'E'),
('IF2.01.05', 'IF2', 1, '5', 'Lab Biometric', 4.8, 9.6, 46.08, NULL, -5.74, 1, 6, 58, 35.1, 'S', 107, 37, 51.82, 'E'),
('IF2.01.06', 'IF2', 1, '6', 'Lab Programing Club', 4.8, 9.6, 46.08, NULL, -5.66, 1, 6, 58, 34.97, 'S', 107, 37, 51.71, 'E'),
('IF2.01.07', 'IF2', 1, '7', 'Lab AI', 8.4, 9.6, 80.64, NULL, -5.66, 1, 6, 58, 34.97, 'S', 107, 37, 51.54, 'E'),
('IF2.01.08', 'IF2', 1, '8', 'R Dosen Kkicm', 4.8, 9.6, 46.08, NULL, -5.66, 1, 6, 58, 34.97, 'S', 107, 37, 51.41, 'E'),
('IF2.01.09', 'IF2', 1, '9', 'R Dosen Kkicm', 4.8, 9.6, 46.08, NULL, -5.66, 1, 6, 58, 34.97, 'S', 107, 37, 50.77, 'E'),
('IF2.01.10', 'IF2', 1, '10', 'Lab Multimedia', 4.8, 9.6, 46.08, NULL, -5.66, 1, 6, 58, 34.97, 'S', 107, 37, 50.64, 'E'),
('IF2.02.01', 'IF2', 2, '1', 'Lab Hw', 4.8, 9.6, 46.08, 1.94, -5.74, 2, 6, 58, 35.1, 'S', 107, 37, 52.73, 'E'),
('IF2.02.02', 'IF2', 2, '2', 'R.Dosen', 4.8, 9.6, 46.08, 1.88, -5.74, 2, 6, 58, 35.1, 'S', 107, 37, 52.6, 'E'),
('IF2.02.03', 'IF2', 2, '3', 'R.Dosen', 4.8, 9.6, 46.08, 1.62, -5.74, 2, 6, 58, 35.1, 'S', 107, 37, 51.96, 'E'),
('IF2.02.04', 'IF2', 2, '4', 'Lab Foresty', 4.8, 9.6, 46.08, 1.46, -5.74, 2, 6, 58, 35.1, 'S', 107, 37, 51.82, 'E'),
('IF2.02.05', 'IF2', 2, '5', 'Studio IoT', 4.8, 9.6, 46.08, 1.4, -5.66, 2, 6, 58, 34.97, 'S', 107, 37, 51.71, 'E'),
('IF2.02.06', 'IF2', 2, '6', 'Bengkel IoT', 4.8, 9.6, 46.08, 1.32, -5.66, 2, 6, 58, 34.97, 'S', 107, 37, 51.54, 'E'),
('IF2.02.07', 'IF2', 2, '7', 'R.Dosen', 4.8, 9.6, 46.08, 1.24, -5.66, 2, 6, 58, 34.97, 'S', 107, 37, 51.41, 'E'),
('IF2.02.08', 'IF2', 2, '8', 'R.Dosen', 4.8, 9.6, 46.08, 0.9, -5.66, 2, 6, 58, 34.97, 'S', 107, 37, 50.77, 'E'),
('IF2.02.09', 'IF2', 2, '9', 'Lab NetOS', 4.8, 9.6, 46.08, 0.82, -5.66, 2, 6, 58, 34.97, 'S', 107, 37, 50.64, 'E'),
('IF2.03.01', 'IF2', 3, '1', 'Kelas Kapasitas 80', 7.2, 19.2, 138.24, 1.8, -5.74, 3, 6, 58, 35.1, 'S', 107, 37, 52.46, 'E'),
('IF2.03.02', 'IF2', 3, '2', 'Kelas Kapasitas 80', 7.2, 19.2, 138.24, 1.46, -5.74, 3, 6, 58, 35.1, 'S', 107, 37, 51.82, 'E'),
('IF2.03.03', 'IF2', 3, '3', 'Sekretariat HMIK', 3.6, 19.2, 69.12, 1.4, -5.66, 3, 6, 58, 34.97, 'S', 107, 37, 51.71, 'E'),
('IF2.03.04', 'IF2', 3, '4', 'Sekretariat HMIF', 3.6, 19.2, 69.12, 1.38, -5.66, 3, 6, 58, 34.97, 'S', 107, 37, 51.64, 'E'),
('IF2.03.05', 'IF2', 3, '5', 'IKLAB 03', 7.2, 19.2, 138.24, 1.24, -5.66, 3, 6, 58, 34.97, 'S', 107, 37, 51.54, 'E'),
('IF2.03.06', 'IF2', 3, '6', 'IKLAB 02', NULL, NULL, NULL, 1.16, -5.66, 3, 6, 58, 34.97, 'S', 107, 37, 51.26, 'E'),
('IF2.03.07', 'IF2', 3, '7', 'IKLAB 01', NULL, NULL, NULL, 0.98, -5.66, 3, 6, 58, 34.97, 'S', 107, 37, 50.89, 'E'),
('IF2.03.08', 'IF2', 3, '8', 'Ruang Asprak', NULL, NULL, NULL, 0.82, -5.66, 3, 6, 58, 34.97, 'S', 107, 37, 50.64, 'E'),
('IF3.01.01', 'IF3', 1, '1', 'R. Dosen', 4.8, 9.6, 46.08, 1.94, -6.46, 1, 6, 58, 36.51, 'S', 107, 37, 52.63, 'E'),
('IF3.01.02', 'IF3', 1, '2', 'Lab SISTER', 4.8, 9.6, 46.08, 1.78, -6.46, 1, 6, 58, 36.51, 'S', 107, 37, 52.49, 'E'),
('IF3.01.03', 'IF3', 1, '3', 'R.Dosen', 4.8, 9.6, 46.08, NULL, NULL, 1, 6, 58, 36.51, 'S', 107, 37, 51.99, 'E'),
('IF3.01.04', 'IF3', 1, '4', 'Ruangan Ta Ik', 4.8, 9.6, 46.08, 1.38, -6.54, 1, 6, 58, 36.51, 'S', 107, 37, 51.84, 'E'),
('IF3.01.05', 'IF3', 1, '5', 'Lab HPC', 4.8, 9.6, 46.08, 1.44, -6.46, 1, 6, 58, 36.67, 'S', 107, 37, 51.74, 'E'),
('IF3.01.06', 'IF3', 1, '6', 'IF LAB 5', 4.8, 9.6, 46.08, NULL, NULL, 1, 6, 58, 36.67, 'S', 107, 37, 51.57, 'E'),
('IF3.01.07', 'IF3', 1, '7', 'R. Sidang , R Rapat Ilmu Komputasi', 4.8, 9.6, 46.08, NULL, NULL, 1, 6, 58, 36.67, 'S', 107, 37, 51.28, 'E'),
('IF3.01.08', 'IF3', 1, '8', 'R.Dosen', 4.8, 9.6, 46.08, NULL, NULL, 1, 6, 58, 36.67, 'S', 107, 37, 50.79, 'E'),
('IF3.02.01', 'IF3', 2, '1', 'Lab Rpl', 4.8, 9.6, 46.08, 1.94, -6.46, 2, 6, 58, 36.51, 'S', 107, 37, 52.77, 'E'),
('IF3.02.02', 'IF3', 2, '2', 'R Dosen KK SIDE', 4.8, 9.6, 46.08, 1.86, -6.46, 2, 6, 58, 36.51, 'S', 107, 37, 52.63, 'E'),
('IF3.02.03', 'IF3', 2, '3', 'R Dosen Kkside', 4.8, 9.6, 46.08, 1.78, -6.46, 2, 6, 58, 36.51, 'S', 107, 37, 51.99, 'E'),
('IF3.02.05', 'IF3', 2, '5', 'Lab Riset Basis Data', 4.8, 9.6, 46.08, 1.44, -6.46, 2, 6, 58, 36.51, 'S', 107, 37, 51.84, 'E'),
('IF3.02.06', 'IF3', 2, '6', 'Lab Mobile Innovation', 4.8, 9.6, 46.08, 1.38, -6.54, 2, 6, 58, 36.68, 'S', 107, 37, 51.74, 'E'),
('IF3.02.07', 'IF3', 2, '7', 'R E-Learning', 4.8, 9.6, 46.08, 1.3, -6.54, 2, 6, 58, 36.68, 'S', 107, 37, 51.57, 'E'),
('IF3.02.08', 'IF3', 2, '8', 'R.Dosen', 4.8, 9.6, 46.08, 1.22, -6.54, 2, 6, 58, 36.68, 'S', 107, 37, 51.42, 'E'),
('IF3.02.10', 'IF3', 2, '10', 'Lab.Dmc (Data Mining Center)', 4.8, 9.6, 46.08, 0.96, -6.54, 2, 6, 58, 36.68, 'S', 107, 37, 50.92, 'E'),
('IF3.02.11', 'IF3', 2, '11', 'R. Dosen / Lab', 4.8, 9.6, 46.08, 0.88, -6.54, 2, 6, 58, 36.68, 'S', 107, 37, 50.79, 'E'),
('IF3.03.01', 'IF3', 3, '1', 'IFLAB01', 4.8, 9.6, 46.08, 0.88, -6.54, 3, 6, 58, 36.68, 'S', 107, 37, 50.92, 'E'),
('IF3.03.02', 'IF3', 3, '2', 'Gudang', 4.8, 9.6, 46.08, 1.6, -6.46, 3, 6, 58, 36.51, 'S', 107, 37, 52.13, 'E'),
('IF3.03.03', 'IF3', 3, '3', 'IFLAB02', 4.8, 9.6, 46.08, 1.22, -6.54, 3, 6, 58, 36.68, 'S', 107, 37, 51.42, 'E'),
('IF3.03.04', 'IF3', 3, '4', 'R Aslab', 4.8, 9.6, 46.08, 1.38, -6.54, 3, 6, 58, 36.68, 'S', 107, 37, 51.74, 'E'),
('IF3.03.05', 'IF3', 3, '5', 'IFLAB03', 4.8, 9.6, 46.08, 1.44, -6.46, 3, 6, 58, 36.51, 'S', 107, 37, 51.84, 'E'),
('IF3.03.06', 'IF3', 3, '6', 'R Asisten', 4.8, 9.6, 46.08, 1.14, -6.54, 3, 6, 58, 36.68, 'S', 107, 37, 51.28, 'E'),
('IF3.03.07', 'IF3', 3, '7', 'IFLAB04', 4.8, 9.6, 46.08, 1.78, -6.46, 3, 6, 58, 36.51, 'S', 107, 37, 52.49, 'E');

-- --------------------------------------------------------

--
-- Table structure for table `segments`
--

CREATE TABLE IF NOT EXISTS `segments` (
  `No` int(5) NOT NULL AUTO_INCREMENT,
  `Source` varchar(20) NOT NULL,
  `Destination` varchar(20) NOT NULL,
  PRIMARY KEY (`No`)
) ENGINE=InnoDB  DEFAULT CHARSET=latin1 AUTO_INCREMENT=284 ;

--
-- Dumping data for table `segments`
--

INSERT INTO `segments` (`No`, `Source`, `Destination`) VALUES
(1, 'CD1_1', 'CD1_2'),
(2, 'CD1_2', 'CD1_3'),
(3, 'CD1_3', 'CD1_4'),
(4, 'CD1_4', 'CD1_5'),
(5, 'CD1_5', 'CD1_6'),
(6, 'CD1_6', 'CD1_7'),
(7, 'CD1_7', 'CD1_8'),
(8, 'CD1_8', 'CD1_9'),
(9, 'CD2_1', 'CD2_2'),
(10, 'CD2_2', 'CD2_3'),
(11, 'CD2_3', 'CD2_4'),
(12, 'CD2_4', 'CD2_5'),
(13, 'CD2_5', 'CD2_6'),
(14, 'CD2_6', 'CD2_7'),
(15, 'CD2_7', 'CD2_8'),
(16, 'CD3_1', 'CD3_2'),
(17, 'CD3_2', 'CD3_3'),
(18, 'CD3_3', 'CD3_4'),
(19, 'CD3_4', 'CD3_5'),
(20, 'CD3_5', 'CD3_6'),
(21, 'CD3_6', 'CD3_7'),
(22, 'CD3_7', 'CD3_8'),
(23, 'CD1_1', 'IF1.01.09'),
(24, 'CD1_2', 'IF1.01.01'),
(25, 'CD1_2', 'IF1.01.03'),
(26, 'CD1_3', 'IF1.01.02'),
(27, 'CD1_3', 'IF1.01.04'),
(28, 'CD1_7', 'IF1.01.05'),
(29, 'CD1_7', 'IF1.01.08'),
(30, 'CD1_8', 'IF1.01.06'),
(31, 'CD1_8', 'IF1.01.07'),
(32, 'CD1_9', 'IF1.01.10'),
(33, 'CD2_1', 'IF1.02.11'),
(34, 'CD2_2', 'IF1.02.01'),
(35, 'CD2_2', 'IF1.02.03'),
(36, 'CD2_3', 'IF1.02.02'),
(37, 'CD2_3', 'IF1.02.04'),
(38, 'CD2_4', 'IF1.02.05'),
(39, 'CD2_6', 'IF1.02.07'),
(40, 'CD2_6', 'IF1.02.08'),
(41, 'CD2_7', 'IF1.02.06'),
(42, 'CD2_7', 'IF1.02.09'),
(43, 'CD2_8', 'IF1.02.10'),
(44, 'CD3_1', 'IF1.03.14'),
(45, 'CD3_2', 'IF1.03.02'),
(46, 'CD3_2', 'IF1.03.01'),
(47, 'CD3_3', 'IF1.03.03'),
(48, 'CD3_3', 'IF1.03.04'),
(49, 'CD3_4', 'IF1.03.12'),
(50, 'CD3_5', 'IF1.03.15'),
(51, 'CD3_5', 'IF1.03.11'),
(52, 'CD3_6', 'IF1.03.05'),
(53, 'CD3_6', 'IF1.03.10'),
(54, 'CD3_7', 'IF1.03.08'),
(55, 'CE1_1', 'CE1_2'),
(56, 'CE1_2', 'CE1_3'),
(57, 'CE1_3', 'CE1_4'),
(58, 'CE1_4', 'CE1_5'),
(59, 'CE1_5', 'CE1_6'),
(60, 'CE1_6', 'CE1_7'),
(61, 'CE1_7', 'CE1_8'),
(62, 'CE1_8', 'CE1_9'),
(63, 'CE1_9', 'CE1_10'),
(64, 'CE1_10', 'CE1_11'),
(65, 'CE1_11', 'CE1_12'),
(66, 'CE1_11', 'CE1_13'),
(67, 'CE1_13', 'CE1_14'),
(68, 'CE1_14', 'CE1_15'),
(69, 'CE1_15', 'CE1_16'),
(70, 'CE1_16', 'CE1_17'),
(71, 'CE1_17', 'CE1_18'),
(72, 'CE1_18', 'CE1_19'),
(73, 'CE1_19', 'CE1_20'),
(74, 'CE1_20', 'CE1_21'),
(75, 'CE1_21', 'CE1_22'),
(76, 'CE1_22', 'CE1_23'),
(77, 'CE2_1', 'CE2_2'),
(78, 'CE2_2', 'CE2_3'),
(79, 'CE2_3', 'CE2_4'),
(80, 'CE2_4', 'CE2_5'),
(81, 'CE2_5', 'CE2_6'),
(82, 'CE2_6', 'CE2_7'),
(83, 'CE2_7', 'CE2_8'),
(84, 'CE2_8', 'CE2_9'),
(85, 'CE2_9', 'CE2_10'),
(86, 'CE2_10', 'CE2_11'),
(87, 'CE2_11', 'CE2_12'),
(88, 'CE2_12', 'CE2_13'),
(89, 'CE2_13', 'CE2_14'),
(90, 'CE2_14', 'CE2_15'),
(91, 'CE2_15', 'CE2_16'),
(92, 'CE2_16', 'CE2_17'),
(93, 'CE2_17', 'CE2_18'),
(94, 'CE2_18', 'CE2_19'),
(95, 'CE2_19', 'CE2_20'),
(96, 'CE3_1', 'CE3_2'),
(97, 'CE3_2', 'CE3_3'),
(98, 'CE3_3', 'CE3_4'),
(99, 'CE3_4', 'CE3_5'),
(100, 'CE3_5', 'CE3_6'),
(101, 'CE3_6', 'CE3_7'),
(102, 'CE3_7', 'CE3_8'),
(103, 'CE3_8', 'CE3_9'),
(104, 'CE3_9', 'CE3_10'),
(105, 'CE3_10', 'CE3_11'),
(106, 'CE3_11', 'CE3_12'),
(107, 'CE3_12', 'CE3_13'),
(108, 'CE3_13', 'CE3_14'),
(109, 'CE3_14', 'CE3_15'),
(110, 'CE3_15', 'CE3_16'),
(111, 'CE3_16', 'CE3_17'),
(112, 'CE3_17', 'CE3_18'),
(113, 'CE3_18', 'CE3_19'),
(114, 'CE3_19', 'CE3_20'),
(115, 'CF1_1', 'CF1_2'),
(116, 'CF1_2', 'CF1_3'),
(117, 'CF1_3', 'CF1_4'),
(118, 'CF1_4', 'CF1_5'),
(119, 'CF1_5', 'CF1_6'),
(120, 'CF1_6', 'CF1_7'),
(121, 'CF1_7', 'CF1_8'),
(122, 'CF1_8', 'CF1_9'),
(123, 'CF1_9', 'CF1_10'),
(124, 'CF1_10', 'CF1_11'),
(125, 'CF1_11', 'CF1_12'),
(126, 'CF1_11', 'CF1_13'),
(127, 'CF1_13', 'CF1_14'),
(128, 'CF1_14', 'CF1_15'),
(129, 'CF1_15', 'CF1_16'),
(130, 'CF1_16', 'CF1_17'),
(131, 'CF1_17', 'CF1_18'),
(132, 'CF1_18', 'CF1_19'),
(133, 'CF1_19', 'CF1_20'),
(134, 'CF1_20', 'CF1_21'),
(135, 'CF1_21', 'CF1_22'),
(136, 'CF2_1', 'CF2_2'),
(137, 'CF2_2', 'CF2_3'),
(138, 'CF2_3', 'CF2_4'),
(139, 'CF2_4', 'CF2_5'),
(140, 'CF2_5', 'CF2_6'),
(141, 'CF2_6', 'CF2_7'),
(142, 'CF2_7', 'CF2_8'),
(143, 'CF2_8', 'CF2_9'),
(144, 'CF2_9', 'CF2_10'),
(145, 'CF2_10', 'CF2_11'),
(146, 'CF2_11', 'CF2_12'),
(147, 'CF2_12', 'CF2_13'),
(148, 'CF2_13', 'CF2_14'),
(149, 'CF2_14', 'CF2_15'),
(150, 'CF2_15', 'CF2_16'),
(151, 'CF2_16', 'CF2_17'),
(152, 'CF2_17', 'CF2_18'),
(153, 'CF2_18', 'CF2_19'),
(154, 'CF3_1', 'CF3_2'),
(155, 'CF3_2', 'CF3_3'),
(156, 'CF3_3', 'CF3_4'),
(157, 'CF3_4', 'CF3_5'),
(158, 'CF3_5', 'CF3_6'),
(159, 'CF3_6', 'CF3_7'),
(160, 'CF3_7', 'CF3_8'),
(161, 'CF3_8', 'CF3_9'),
(162, 'CF3_9', 'CF3_10'),
(163, 'CF3_10', 'CF3_11'),
(164, 'CF3_11', 'CF3_12'),
(165, 'CF3_12', 'CF3_13'),
(166, 'CF3_13', 'CF3_14'),
(167, 'CF3_14', 'CF3_15'),
(168, 'CF3_15', 'CF3_16'),
(169, 'CF3_16', 'CF3_17'),
(170, 'CF3_17', 'CF3_18'),
(171, 'CF3_18', 'CF3_19'),
(172, 'SE1_1', 'CE1_1'),
(173, 'SE1_1', 'SE2_1'),
(174, 'SE1_2', 'CE1_12'),
(175, 'SE1_2', 'SE2_2'),
(176, 'SE1_3', 'CE1_23'),
(177, 'SE1_3', 'SE2_3'),
(178, 'SE2_1', 'CE2_1'),
(179, 'SE2_1', 'SE3_1'),
(180, 'SE2_2', 'CE2_10'),
(181, 'SE2_2', 'SE3_2'),
(182, 'SE2_3', 'CE2_20'),
(183, 'SE2_3', 'SE3_3'),
(184, 'SE3_1', 'CE3_1'),
(185, 'SE3_2', 'CE3_10'),
(186, 'SE3_3', 'CE3_20'),
(187, 'CF1_4', 'IF3.01.08'),
(188, 'CF1_8', 'IF3.01.07'),
(189, 'CF1_10', 'IF3.01.06'),
(190, 'CF1_11', 'IF3.01.05'),
(191, 'CF1_13', 'IF3.01.04'),
(192, 'CF1_14', 'IF3.01.03'),
(193, 'CF1_18', 'IF3.01.02'),
(194, 'CF1_19', 'IF3.01.01'),
(195, 'CF2_3', 'IF3.02.11'),
(196, 'CF2_4', 'IF3.02.10'),
(197, 'CF2_8', 'IF3.02.08'),
(198, 'CF2_9', 'IF3.02.07'),
(199, 'CF2_10', 'IF3.02.06'),
(200, 'CF2_11', 'IF3.02.05'),
(201, 'CF2_12', 'IF3.02.03'),
(202, 'CF2_17', 'IF3.02.02'),
(203, 'CF2_18', 'IF3.02.01'),
(204, 'CF3_4', 'IF3.03.01'),
(205, 'CF3_7', 'IF3.03.06'),
(206, 'CF3_8', 'IF3.03.03'),
(207, 'CF3_10', 'IF3.03.04'),
(208, 'CF3_11', 'IF3.03.05'),
(209, 'CF3_13', 'IF3.03.02'),
(210, 'CF3_16', 'IF3.03.07'),
(211, 'SF1_1', 'SF2_1'),
(212, 'SF1_2', 'SF2_2'),
(213, 'SF1_3', 'SF2_3'),
(214, 'SF1_1', 'CF1_1'),
(215, 'SF1_2', 'CF1_12'),
(216, 'SF1_3', 'CF1_22'),
(217, 'SF2_1', 'SF3_1'),
(218, 'SF2_2', 'SF3_2'),
(219, 'SF2_3', 'SF3_3'),
(220, 'SF2_1', 'CF2_1'),
(221, 'SF2_2', 'CF2_10'),
(222, 'SF2_3', 'CF2_19'),
(223, 'SF3_1', 'CF3_1'),
(224, 'SF3_2', 'CF3_10'),
(225, 'SF3_3', 'CF3_19'),
(226, 'SD1_1', 'SD2_1'),
(227, 'SD2_1', 'SD3_1'),
(228, 'CD1_4', 'SD1_1'),
(229, 'CD2_4', 'SD2_1'),
(230, 'CD3_4', 'SD3_1'),
(231, 'D Building West', 'CD1_5'),
(232, 'D Building East', 'IF1.01.01'),
(233, 'E Building West', 'CE1_1'),
(234, 'E Building Mid', 'CE1_12'),
(235, 'E Building East', 'CE1_23'),
(236, 'F Building West', 'CF1_1'),
(237, 'F Building Mid', 'CF1_12'),
(238, 'F Building East', 'CF1_22'),
(239, 'D Building West', 'C1'),
(240, 'D Building East', 'C6'),
(241, 'E Building West', 'C4'),
(242, 'E Building Mid', 'C8'),
(243, 'E Building East', 'C11'),
(244, 'F Building West', 'C5'),
(245, 'F Building Mid', 'C9'),
(246, 'F Building East', 'C12'),
(247, 'C1', 'C2'),
(248, 'C2', 'C3'),
(249, 'C3', 'C4'),
(250, 'C3', 'C7'),
(251, 'C4', 'C5'),
(252, 'C6', 'C7'),
(253, 'C7', 'C10'),
(254, 'C8', 'C9'),
(255, 'C10', 'C11'),
(256, 'C11', 'C12'),
(257, 'IF2.01.01', 'CE1_21'),
(258, 'IF2.01.02', 'CE1_20'),
(259, 'IF2.01.03', 'CE1_19'),
(260, 'IF2.01.04', 'CE1_15'),
(261, 'IF2.01.05', 'CE1_14'),
(262, 'IF2.01.06', 'CE1_13'),
(263, 'IF2.01.07', 'CE1_10'),
(264, 'IF2.01.08', 'CE1_9'),
(265, 'IF2.01.09', 'CE1_4'),
(266, 'IF2.01.10', 'CE1_3'),
(267, 'IF2.02.01', 'CE2_19'),
(268, 'IF2.02.02', 'CE2_18'),
(269, 'IF2.02.03', 'CE2_13'),
(270, 'IF2.02.04', 'CE2_12'),
(271, 'IF2.02.05', 'CE2_11'),
(272, 'IF2.02.06', 'CE2_9'),
(273, 'IF2.02.07', 'CE2_8'),
(274, 'IF2.02.08', 'CE2_3'),
(275, 'IF2.02.09', 'CE2_2'),
(276, 'IF2.03.01', 'CE3_17'),
(277, 'IF2.03.02', 'CE3_12'),
(278, 'IF2.03.03', 'CE3_11'),
(279, 'IF2.03.04', 'CE3_10'),
(280, 'IF2.03.05', 'CE3_9'),
(281, 'IF2.03.06', 'CE3_7'),
(282, 'IF2.03.07', 'CE3_4'),
(283, 'IF2.03.08', 'CE3_2');

-- --------------------------------------------------------

--
-- Table structure for table `stairs`
--

CREATE TABLE IF NOT EXISTS `stairs` (
  `Stair_ID` varchar(20) NOT NULL,
  `Building_ID` varchar(20) NOT NULL,
  `Length` float DEFAULT NULL,
  `X` float DEFAULT NULL,
  `Y` float DEFAULT NULL,
  `Z` float DEFAULT NULL,
  `lat_degree` float NOT NULL,
  `lat_minute` float NOT NULL,
  `lat_second` float NOT NULL,
  `lat_dir` varchar(5) NOT NULL,
  `long_degree` float NOT NULL,
  `long_minute` float NOT NULL,
  `long_second` float NOT NULL,
  `long_dir` varchar(5) NOT NULL,
  PRIMARY KEY (`Stair_ID`),
  KEY `Building_ID` (`Building_ID`)
) ENGINE=InnoDB DEFAULT CHARSET=latin1;

--
-- Dumping data for table `stairs`
--

INSERT INTO `stairs` (`Stair_ID`, `Building_ID`, `Length`, `X`, `Y`, `Z`, `lat_degree`, `lat_minute`, `lat_second`, `lat_dir`, `long_degree`, `long_minute`, `long_second`, `long_dir`) VALUES
('SD1_1', 'IF1', NULL, NULL, NULL, 1, 6, 58, 32.92, 'S', 107, 37, 50.49, 'E'),
('SD2_1', 'IF1', NULL, NULL, NULL, 2, 6, 58, 32.92, 'S', 107, 37, 50.49, 'E'),
('SD3_1', 'IF1', NULL, NULL, NULL, 3, 6, 58, 32.92, 'S', 107, 37, 50.49, 'E'),
('SE1_1', 'IF2', NULL, NULL, NULL, 1, 6, 58, 34.84, 'S', 107, 37, 50.46, 'E'),
('SE1_2', 'IF2', NULL, NULL, NULL, 1, 6, 58, 35.25, 'S', 107, 37, 51.65, 'E'),
('SE1_3', 'IF2', NULL, NULL, NULL, 1, 6, 58, 35.25, 'S', 107, 37, 52.91, 'E'),
('SE2_1', 'IF2', NULL, NULL, NULL, 2, 6, 58, 34.84, 'S', 107, 37, 50.46, 'E'),
('SE2_2', 'IF2', NULL, NULL, NULL, 2, 6, 58, 35.25, 'S', 107, 37, 51.65, 'E'),
('SE2_3', 'IF2', NULL, NULL, NULL, 2, 6, 58, 35.25, 'S', 107, 37, 52.91, 'E'),
('SE3_1', 'IF2', NULL, NULL, NULL, 3, 6, 58, 34.84, 'S', 107, 37, 50.46, 'E'),
('SE3_2', 'IF2', NULL, NULL, NULL, 3, 6, 58, 35.25, 'S', 107, 37, 51.65, 'E'),
('SE3_3', 'IF2', NULL, NULL, NULL, 3, 6, 58, 35.25, 'S', 107, 37, 52.91, 'E'),
('SF1_1', 'IF3', NULL, NULL, NULL, 1, 6, 58, 36.84, 'S', 107, 37, 50.5, 'E'),
('SF1_2', 'IF3', NULL, NULL, NULL, 1, 6, 58, 36.39, 'S', 107, 37, 51.73, 'E'),
('SF1_3', 'IF3', NULL, NULL, NULL, 1, 6, 58, 36.36, 'S', 107, 37, 52.93, 'E'),
('SF2_1', 'IF3', NULL, NULL, NULL, 2, 6, 58, 36.84, 'S', 107, 37, 50.5, 'E'),
('SF2_2', 'IF3', NULL, NULL, NULL, 2, 6, 58, 36.39, 'S', 107, 37, 51.73, 'E'),
('SF2_3', 'IF3', NULL, NULL, NULL, 2, 6, 58, 36.36, 'S', 107, 37, 52.93, 'E'),
('SF3_1', 'IF3', NULL, NULL, NULL, 3, 6, 58, 36.84, 'S', 107, 37, 50.5, 'E'),
('SF3_2', 'IF3', NULL, NULL, NULL, 3, 6, 58, 36.39, 'S', 107, 37, 51.73, 'E'),
('SF3_3', 'IF3', NULL, NULL, NULL, 3, 6, 58, 36.36, 'S', 107, 37, 52.93, 'E');

--
-- Constraints for dumped tables
--

--
-- Constraints for table `corridors`
--
ALTER TABLE `corridors`
  ADD CONSTRAINT `corridors_ibfk_1` FOREIGN KEY (`Building_ID`) REFERENCES `buildings` (`Building_ID`) ON DELETE CASCADE ON UPDATE CASCADE;

--
-- Constraints for table `rooms`
--
ALTER TABLE `rooms`
  ADD CONSTRAINT `rooms_ibfk_1` FOREIGN KEY (`Building_ID`) REFERENCES `buildings` (`Building_ID`) ON DELETE CASCADE ON UPDATE CASCADE;

--
-- Constraints for table `stairs`
--
ALTER TABLE `stairs`
  ADD CONSTRAINT `fk_stair` FOREIGN KEY (`Building_ID`) REFERENCES `buildings` (`Building_ID`) ON DELETE CASCADE ON UPDATE CASCADE;

/*!40101 SET CHARACTER_SET_CLIENT=@OLD_CHARACTER_SET_CLIENT */;
/*!40101 SET CHARACTER_SET_RESULTS=@OLD_CHARACTER_SET_RESULTS */;
/*!40101 SET COLLATION_CONNECTION=@OLD_COLLATION_CONNECTION */;
